{
  "project_info": {
    "project_number": "77885177795",
    "project_id": "locateble-916d4",
    "storage_bucket": "locateble-916d4.appspot.com"
  },
  "client": [
    {
      "client_info": {
        "mobilesdk_app_id": "1:77885177795:android:7fded832ade1e7a4a80776",
        "android_client_info": {
          "package_name": "com.example.lostandfound"
        }
      },
      "oauth_client": [
        {
          "client_id": "77885177795-5kfj2lmhgjr97demh9fain9j2c26vpqf.apps.googleusercontent.com",
          "client_type": 3
        }
      ],
      "api_key": [
        {
          "current_key": "AIzaSyBn9u29WuawMeHSdJ75ZgTNQNW6KUBxqb0"
        }
      ],
      "services": {
        "appinvite_service": {
          "other_platform_oauth_client": [
            {
              "client_id": "77885177795-5kfj2lmhgjr97demh9fain9j2c26vpqf.apps.googleusercontent.com",
              "client_type": 3
            }
          ]
        }
      }
    }
  ],
  "configuration_version": "1"
}